,price_zz800,price_zz800_adj
2016-01-04,4084.6,1.0
2016-01-05,4075.97,0.9978871860157665
2016-01-06,4157.23,1.0177814229055475
2016-01-07,3848.9,0.9422954512069726
2016-01-08,3923.2,0.9604857268765608
2016-01-11,3706.14,0.907344660431866
2016-01-12,3726.65,0.9123659599471184
2016-01-13,3639.88,0.891122753758018
2016-01-14,3729.36,0.9130294276061304
2016-01-15,3604.01,0.8823409881016502
2016-01-18,3628.95,0.8884468491406747
2016-01-19,3743.43,0.9164740733486755
2016-01-20,3693.03,0.9041350438231407
2016-01-21,3572.11,0.8745311658424326
2016-01-22,3615.07,0.8850487195808647
2016-01-25,3638.48,0.8907800029378642
2016-01-26,3403.8,0.8333251725995202
2016-01-27,3382.16,0.8280272242080008
2016-01-28,3276.27,0.8021030211036576
2016-01-29,3387.11,0.8292390931792587
2016-02-01,3337.8,0.8171669196494149
2016-02-02,3420.42,0.837394114478774
2016-02-03,3414.16,0.8358615286686578
2016-02-04,3463.52,0.8479459432992215
2016-02-05,3436.16,0.8412476129853597
2016-02-15,3422.81,0.8379792390931793
2016-02-16,3538.48,0.8662978014983107
2016-02-17,3572.26,0.8745678891445919
2016-02-18,3561.83,0.8720143955344465
2016-02-19,3564.05,0.8725579004064046
2016-02-22,3641.28,0.8914655045781718
2016-02-23,3611.17,0.8840939137247221
2016-02-24,3634.92,0.8899084365666161
2016-02-25,3392.43,0.8305415462958429
2016-02-26,3420.52,0.8374185966802135
2016-02-29,3309.76,0.8103021103657642
2016-03-01,3375.27,0.8263404005288155
2016-03-02,3523.8,0.8627038143269844
2016-03-03,3533.83,0.8651593791313715
2016-03-04,3535.47,0.8655608872349801
2016-03-07,3567.64,0.8734368114380845
2016-03-08,3572.05,0.8745164765215688
2016-03-09,3516.61,0.8609435440434804
2016-03-10,3451.53,0.8450105273466191
2016-03-11,3453.46,0.8454830338344024
2016-03-14,3524.52,0.8628800861773491
2016-03-15,3523.0,0.8625079567154679
2016-03-16,3521.9,0.8622386524996328
2016-03-17,3582.38,0.8770454879302747
2016-03-18,3657.57,0.895453655192675
2016-03-21,3747.77,0.9175366008911522
2016-03-22,3724.11,0.9117441120305538
2016-03-23,3740.26,0.9156979875630418
2016-03-24,3677.93,0.900438231405768
2016-03-25,3701.47,0.9062013416246388
2016-03-28,3671.39,0.8988370954316212
2016-03-29,3622.7,0.8869167115507026
2016-03-30,3727.26,0.9125153013758998
2016-03-31,3731.98,0.9136708612838467
2016-04-01,3729.58,0.9130832884492973
2016-04-05,3793.22,0.9286637614454292
2016-04-06,3794.02,0.9288596190569456
2016-04-07,3737.69,0.9150687949860452
2016-04-08,3707.68,0.9077216863340352
2016-04-11,3768.1,0.9225138324438134
2016-04-12,3749.42,0.9179405572149048
2016-04-13,3800.86,0.9305342016354111
2016-04-14,3822.92,0.9359349752729765
2016-04-15,3816.84,0.9344464574254517
2016-04-18,3762.67,0.9211844489056457
2016-04-19,3775.54,0.9243353082309161
2016-04-20,3677.98,0.9004504725064878
2016-04-21,3652.09,0.8941120305537874
2016-04-22,3671.02,0.8987465112862949
2016-04-25,3654.57,0.8947191891494883
2016-04-26,3680.78,0.9011359741467954
2016-04-27,3664.58,0.8971698575135876
2016-04-28,3655.54,0.894956666503452
2016-04-29,3651.55,0.8939798266660138
2016-05-03,3730.34,0.913269353180238
2016-05-04,3727.4,0.9125495764579151
2016-05-05,3737.08,0.9149194535572639
2016-05-06,3625.6,0.8876266953924496
2016-05-09,3533.92,0.8651814131126672
2016-05-10,3535.96,0.865680850022034
2016-05-11,3544.48,0.8677667335846839
2016-05-12,3551.04,0.8693727659991186
2016-05-13,3536.41,0.8657910199285119
2016-05-16,3570.5,0.8741370023992557
2016-05-17,3558.95,0.8713093081329873
2016-05-18,3516.06,0.8608088919355629
2016-05-19,3517.79,0.8612324340204671
2016-05-20,3542.39,0.8672550555745973
2016-05-23,3563.31,0.8723767321157518
2016-05-24,3532.15,0.864748078147187
2016-05-25,3523.65,0.862667091024825
2016-05-26,3532.9,0.8649316946579837
2016-05-27,3530.65,0.8643808451255938
2016-05-30,3529.12,0.8640062674435686
2016-05-31,3655.33,0.894905253880429
2016-06-01,3652.59,0.8942344415609852
2016-06-02,3665.06,0.8972873720804975
2016-06-03,3686.63,0.9025681829310092
2016-06-06,3681.37,0.9012804191352887
2016-06-07,3678.79,0.9006487783381482
2016-06-08,3664.26,0.8970915144689812
2016-06-13,3534.51,0.8653258581011606
2016-06-14,3545.3,0.8679674876364883
2016-06-15,3612.69,0.8844660431866034
2016-06-16,3591.03,0.8791631983547962
2016-06-17,3609.89,0.8837805415462958
2016-06-20,3615.65,0.8851907163492142
2016-06-21,3597.97,0.8808622631347011
2016-06-22,3637.17,0.890459286099006
2016-06-23,3618.07,0.8857831856240513
2016-06-24,3571.91,0.8744822014395535
2016-06-27,3632.72,0.8893698281349459
2016-06-28,3657.11,0.8953410370660531
2016-06-29,3671.58,0.8988836116143564
2016-06-30,3674.23,0.8995323899525045
2016-07-01,3672.28,0.8990549870244333
2016-07-04,3735.17,0.9144518435097685
2016-07-05,3744.21,0.9166650345199041
2016-07-06,3756.93,0.9197791705430152
2016-07-07,3755.46,0.9194192821818539
2016-07-08,3737.48,0.9150173823630221
2016-07-11,3748.75,0.9177765264652598
2016-07-12,3820.48,0.9353376095578515
2016-07-13,3837.7,0.9395534446457425
2016-07-14,3834.39,0.9387430837780933
2016-07-15,3831.35,0.937998824854331
2016-07-18,3814.51,0.9338760221319101
2016-07-19,3806.94,0.9320227194829359
2016-07-20,3795.76,0.9292856093619939
2016-07-21,3812.38,0.9333545512412477
2016-07-22,3780.75,0.9256108309259169
2016-07-25,3788.65,0.9275449248396416
2016-07-26,3835.66,0.9390540077363756
2016-07-27,3745.69,0.9170273711012095
2016-07-28,3750.58,0.9182245507516036
2016-07-29,3729.26,0.9130049454046909
2016-08-01,3690.21,0.9034446457425452
2016-08-02,3710.93,0.9085173578808207
2016-08-03,3719.99,0.9107354453312442
2016-08-04,3733.56,0.9140576800665916
2016-08-05,3730.29,0.9132571120795182
2016-08-08,3769.81,0.9229324780884297
2016-08-09,3797.56,0.9297262889879058
2016-08-10,3782.25,0.9259780639475101
2016-08-11,3757.41,0.9198966851099251
2016-08-12,3820.05,0.9352323360916615
2016-08-15,3926.65,0.9613303628262254
2016-08-16,3919.14,0.9594917494981149
2016-08-17,3918.47,0.9593277187484698
2016-08-18,3911.9,0.9577192381138913
2016-08-19,3914.0,0.9582333643441219
2016-08-22,3876.67,0.9490941585467365
2016-08-23,3882.28,0.9504676100474956
2016-08-24,3873.73,0.9483743818244137
2016-08-25,3847.22,0.941884150222788
2016-08-26,3850.82,0.942765509474612
2016-08-29,3854.44,0.9436517651667238
2016-08-30,3857.53,0.944408265191206
2016-08-31,3871.89,0.9479239093179258
2016-09-01,3841.02,0.9403662537335358
2016-09-02,3846.72,0.9417617392155903
2016-09-05,3857.58,0.9444205062919258
2016-09-06,3894.63,0.9534911619252804
2016-09-07,3893.41,0.9531924790677178
2016-09-08,3896.7,0.953997943495079
2016-09-09,3870.69,0.9476301229006513
2016-09-12,3793.03,0.9286172452626941
2016-09-13,3796.36,0.9294325025706313
2016-09-14,3771.21,0.9232752289085835
2016-09-19,3803.02,0.9310630171865054
2016-09-20,3797.99,0.9298315624540958
2016-09-21,3805.79,0.931741174166381
2016-09-22,3833.29,0.9384737795622583
2016-09-23,3818.01,0.9347328991822945
2016-09-26,3749.57,0.9179772805170642
2016-09-27,3774.44,0.9240660040150811
2016-09-28,3765.42,0.9218577094452334
2016-09-29,3779.55,0.9253170445086423
2016-09-30,3792.11,0.9283920090094502
2016-10-10,3846.82,0.9417862214170298
2016-10-11,3864.17,0.9460338833667924
2016-10-12,3858.19,0.9445698477207071
2016-10-13,3860.71,0.9451867991969838
2016-10-14,3860.51,0.9451378347941047
2016-10-17,3827.56,0.9370709494197719
2016-10-18,3880.32,0.9499877588992803
2016-10-19,3873.64,0.9483523478431181
2016-10-20,3876.1,0.9489546099985311
2016-10-21,3879.33,0.9497453851050286
2016-10-24,3923.34,0.9605200019585761
2016-10-25,3927.59,0.9615604955197572
2016-10-26,3911.32,0.9575772413455419
2016-10-27,3901.56,0.9551877784850413
2016-10-28,3885.83,0.9513367281985996
2016-10-31,3882.04,0.9504088527640405
2016-11-01,3910.68,0.9574205552563286
2016-11-02,3880.21,0.9499608284776967
2016-11-03,3911.15,0.9575356216030946
2016-11-04,3898.45,0.9544263820202712
2016-11-07,3901.54,0.9551828820447534
2016-11-08,3919.59,0.9596019194045929
2016-11-09,3895.89,0.9537996376634187
2016-11-10,3941.56,0.9649806590608627
2016-11-11,3971.69,0.9723571463546002
2016-11-14,3987.93,0.9763330558683837
2016-11-15,3992.27,0.9773955834108603
2016-11-16,3992.72,0.9775057533173382
2016-11-17,3996.94,0.9785389022180875
2016-11-18,3975.25,0.9732287127258483
2016-11-21,3996.11,0.9783356999461392
2016-11-22,4027.27,0.985964353914704
2016-11-23,4026.94,0.9858835626499535
2016-11-24,4036.82,0.9883024041521814
2016-11-25,4068.65,0.9960950888703912
2016-11-28,4083.1,0.9996327669784068
2016-11-29,4097.46,1.0031484111051265
2016-11-30,4069.92,0.9964060128286736
2016-12-01,4098.94,1.0035107476864318
2016-12-02,4050.8,0.991725015913431
2016-12-05,3996.15,0.978345492826715
2016-12-06,3988.73,0.9765289134799001
2016-12-07,4014.44,0.9828232874700094
2016-12-08,4004.31,0.9803432404641825
2016-12-09,4020.93,0.9844121823434363
2016-12-12,3904.01,0.9557875924203105
2016-12-13,3905.99,0.9562723400088136
2016-12-14,3877.79,0.9493683592028596
2016-12-15,3854.11,0.9435709739019733
2016-12-16,3865.62,0.9463888752876659
2016-12-19,3852.23,0.9431107085149096
2016-12-20,3832.42,0.9382607844097341
2016-12-21,3864.88,0.9462077069970132
2016-12-22,3861.5,0.9453802085883563
2016-12-23,3827.82,0.9371346031435147
2016-12-26,3842.14,0.9406404543896587
2016-12-27,3836.19,0.9391837634040053
2016-12-28,3821.05,0.9354771581060569
2016-12-29,3814.48,0.9338686774714783
2016-12-30,3826.47,0.9368040934240807
2017-01-03,3862.95,0.9457352005092298
2017-01-04,3897.6,0.954218283308035
2017-01-05,3898.02,0.9543211085540813
2017-01-06,3876.67,0.9490941585467365
2017-01-09,3897.83,0.954274592371346
2017-01-10,3889.34,0.952196053469128
2017-01-11,3858.75,0.9447069480487685
2017-01-12,3834.27,0.9387137051363659
2017-01-13,3821.81,0.9356632228369975
2017-01-16,3791.52,0.9282475640209568
2017-01-17,3806.42,0.9318954120354502
2017-01-18,3814.48,0.9338686774714783
2017-01-19,3801.76,0.9307545414483671
2017-01-20,3836.82,0.9393380012730745
2017-01-23,3853.45,0.9434093913724722
2017-01-24,3852.49,0.9431743622386525
2017-01-25,3864.38,0.9460852959898155
2017-01-26,3882.22,0.9504529207266317
2017-02-03,3860.18,0.9450570435293542
2017-02-06,3876.78,0.9491210889683201
2017-02-07,3870.09,0.9474832296920139
2017-02-08,3890.87,0.9525706311511531
2017-02-09,3908.64,0.9569211183469617
2017-02-10,3923.65,0.9605958967830388
2017-02-13,3948.05,0.9665695539342898
2017-02-14,3948.63,0.9667115507026393
2017-02-15,3925.66,0.9610879890319738
2017-02-16,3949.94,0.9670322675414974
2017-02-17,3924.61,0.9608309259168585
2017-02-20,3979.31,0.9742226901042942
2017-02-21,3997.6,0.9787004847475885
2017-02-22,4010.5,0.981858688733291
2017-02-23,3997.15,0.9785903148411106
2017-02-24,3997.98,0.9787935171130588
2017-02-27,3966.11,0.9709910395142731
2017-02-28,3976.33,0.9734931205013955
2017-03-01,3983.93,0.9753537678108015
2017-03-02,3958.99,0.9692479067717769
2017-03-03,3956.46,0.9686285070753562
2017-03-06,3983.33,0.9752068746021643
2017-03-07,3990.46,0.9769524555648044
2017-03-08,3981.45,0.9747466092151006
2017-03-09,3953.26,0.9678450766292905
2017-03-10,3955.58,0.9684130637026882
2017-03-13,3991.02,0.977089555892866
2017-03-14,3987.25,0.9761665768985948
2017-03-15,3991.52,0.9772119669000636
2017-03-16,4016.46,0.9833178279390883
2017-03-17,3976.55,0.9735469813445625
2017-03-20,3982.4,0.9749791901287764
2017-03-21,3999.17,0.9790848553101895
2017-03-22,3983.02,0.9751309797777016
2017-03-23,3994.95,0.9780517064094403
2017-03-24,4023.61,0.9850683053420164
2017-03-27,4008.66,0.9814082162268031
2017-03-28,3998.82,0.9789991676051512
2017-03-29,3991.76,0.9772707241835187
2017-03-30,3949.56,0.9669392351760271
2017-03-31,3969.92,0.9719238113891201
2017-04-05,4033.97,0.9876046614111541
2017-04-06,4045.8,0.9905009058414533
2017-04-07,4052.05,0.9920310434314255
2017-04-10,4039.85,0.9890442148557999
2017-04-11,4061.17,0.9942638202027126
2017-04-12,4045.14,0.9903393233119522
2017-04-13,4056.47,0.9931131567350536
2017-04-14,4017.73,0.9836287518973706
2017-04-17,3999.31,0.9791191303922049
2017-04-18,3978.36,0.9739901091906185
2017-04-19,3952.33,0.9676173921559027
2017-04-20,3964.49,0.9705944278509523
2017-04-21,3960.12,0.9695245556480439
2017-04-24,3901.66,0.9552122606864809
2017-04-25,3913.54,0.9581207462174999
2017-04-26,3919.87,0.9596704695686236
2017-04-27,3924.03,0.9606889291485091
2017-04-28,3921.97,0.9601845957988542
2017-05-02,3912.08,0.9577633060764824
2017-05-03,3897.78,0.9542623512706263
2017-05-04,3886.83,0.9515815502129952
2017-05-05,3853.29,0.9433702198501689
2017-05-08,3813.17,0.9335479606326201
2017-05-09,3814.77,0.933939675855653
2017-05-10,3779.66,0.9253439749302257
2017-05-11,3792.58,0.928507075356216
2017-05-12,3814.21,0.9338025755275915
2017-05-15,3830.84,0.9378739656269892
2017-05-16,3876.88,0.9491455711697596
2017-05-17,3864.12,0.9460216422660725
2017-05-18,3845.13,0.9413724722127014
2017-05-19,3849.53,0.9424496890760418
2017-05-22,3839.73,0.9400504333349655
2017-05-23,3827.53,0.93706360475934
2017-05-24,3833.8,0.9385986387896
2017-05-25,3893.02,0.9530969984821035
2017-05-26,3886.25,0.9514395534446458
2017-05-31,3893.98,0.9533320276159233
2017-06-01,3877.01,0.949177398031631
2017-06-02,3879.37,0.9497551779856045
2017-06-05,3872.93,0.9481785242128972
2017-06-06,3897.17,0.954113009841845
2017-06-07,3951.13,0.9673236057386281
2017-06-08,3973.8,0.9728737208049748
2017-06-09,3987.98,0.9763452969691034
2017-06-12,3974.28,0.9729912353718847
2017-06-13,3994.89,0.9780370170885766
2017-06-14,3954.48,0.968143759486853
2017-06-15,3959.35,0.9693360426969593
2017-06-16,3949.75,0.9669857513587622
2017-06-19,3986.11,0.9758874798021838
2017-06-20,3982.08,0.9749008470841698
2017-06-21,4017.62,0.9836018214757871
2017-06-22,4003.68,0.9801890025951133
2017-06-23,4033.25,0.9874283895607894
2017-06-26,4088.45,1.0009425647554229
2017-06-27,4094.07,1.0023184644763257
2017-06-28,4066.06,0.9954609998531068
2017-06-29,4090.03,1.0013293835381678
2017-06-30,4092.3,1.0018851295108457
2017-07-03,4086.68,1.0005092297899427
2017-07-04,4056.13,0.9930299172501592
2017-07-05,4096.86,1.0030015178964893
2017-07-06,4098.62,1.0034324046418255
2017-07-07,4099.76,1.0037115017382363
2017-07-10,4094.35,1.0023870146403564
2017-07-11,4093.84,1.0022621554130149
2017-07-12,4084.91,1.0000758948244626
2017-07-13,4110.71,1.0063923027958674
2017-07-14,4119.85,1.0086299760074426
2017-07-17,4041.35,0.9894114478773931
2017-07-18,4055.72,0.992929540224257
2017-07-19,4128.54,1.0107574793125398
2017-07-20,4150.55,1.0161460118493855
2017-07-21,4139.94,1.0135484502766487
2017-07-24,4159.51,1.0183396170983696
2017-07-25,4137.72,1.0130049454046908
2017-07-26,4125.02,1.0098957058218676
2017-07-27,4137.4,1.0129266023600842
2017-07-28,4151.04,1.0162659746364393
2017-07-31,4179.18,1.0231552661215297
2017-08-01,4203.29,1.029057924888606
2017-08-02,4189.19,1.025605934485629
2017-08-03,4164.42,1.0195416931890515
2017-08-04,4141.28,1.013876511775939
2017-08-07,4171.25,1.021213827547373
2017-08-08,4175.68,1.0222983890711455
2017-08-09,4181.45,1.0237110120942075
2017-08-10,4159.86,1.0184253048034078
2017-08-11,4080.88,0.9990892621064487
2017-08-14,4143.36,1.0143857415658815
2017-08-15,4156.62,1.0176320814767663
2017-08-16,4153.63,1.0169000636537238
2017-08-17,4178.38,1.0229594085100133
2017-08-18,4177.74,1.0228027224208
2017-08-21,4201.26,1.028560936199383
2017-08-22,4205.24,1.0295353278166772
2017-08-23,4198.45,1.0278729863389315
2017-08-24,4172.99,1.0216398178524213
2017-08-25,4234.84,1.0367820594427852
2017-08-28,4287.14,1.0495862507956717
2017-08-29,4277.51,1.0472286147970427
2017-08-30,4285.7,1.049233707094942
2017-08-31,4278.99,1.047590951378348
2017-09-01,4296.17,1.0517969935856633
2017-09-04,4315.39,1.0565024727023455
2017-09-05,4325.93,1.0590828967340744
2017-09-06,4326.33,1.0591808255398325
2017-09-07,4301.56,1.0531165842432553
2017-09-08,4301.32,1.0530578269598
2017-09-11,4314.99,1.0564045438965872
2017-09-12,4323.86,1.0585761151642754
2017-09-13,4335.1,1.0613279146060814
2017-09-14,4322.64,1.0582774323067132
2017-09-15,4314.45,1.0562723400088136
2017-09-18,4332.77,1.0607574793125398
2017-09-19,4317.69,1.057065563335455
2017-09-20,4336.46,1.0616608725456593
2017-09-21,4317.86,1.0571071830779024
2017-09-22,4310.38,1.0552759144102237
2017-09-25,4279.11,1.0476203300200753
2017-09-26,4287.23,1.049608284776967
2017-09-27,4299.11,1.052516770307986
2017-09-28,4297.35,1.05208588356265
2017-09-29,4315.17,1.0564486118591785
2017-10-09,4365.92,1.0688733290897519
2017-10-10,4377.11,1.0716128874308377
2017-10-11,4380.23,1.0723767321157518
2017-10-12,4387.14,1.074068452235225
2017-10-13,4403.02,1.0779562258238262
2017-10-16,4380.15,1.0723571463546002
2017-10-17,4378.69,1.0719997062135826
2017-10-18,4394.6,1.0758948244626159
2017-10-19,4372.7,1.0705332223473534
2017-10-20,4382.12,1.0728394457229593
2017-10-23,4392.95,1.075490868138863
2017-10-24,4414.2,1.0806933359447681
2017-10-25,4436.66,1.0861920383880919
2017-10-26,4454.51,1.0905621113450523
2017-10-27,4469.79,1.094302991725016
2017-10-30,4437.89,1.0864931694657984
2017-10-31,4444.43,1.0880943054399452
2017-11-01,4434.95,1.0857733927434754
2017-11-02,4422.77,1.082791460608138
2017-11-03,4408.47,1.079290505802282
2017-11-06,4446.77,1.0886671889536308
2017-11-07,4481.22,1.097101307349557
2017-11-08,4477.99,1.0963105322430593
2017-11-09,4509.67,1.1040664936591098
2017-11-10,4544.23,1.1125275424766194
2017-11-13,4562.81,1.1170763355040887
2017-11-14,4529.16,1.1088380747196789
2017-11-15,4494.23,1.1002864417568428
2017-11-16,4523.33,1.1074107623757528
2017-11-17,4499.75,1.101637859276306
2017-11-20,4531.47,1.1094036135729326
2017-11-21,4595.31,1.1250330509719435
2017-11-22,4600.13,1.1262130930813299
2017-11-23,4468.7,1.0940361357293247
2017-11-24,4470.8,1.0945502619595555
2017-11-27,4411.61,1.0800592469274837
2017-11-28,4435.73,1.085964353914704
2017-11-29,4437.59,1.0864197228614798
2017-11-30,4389.0,1.0745238211820007
2017-12-01,4392.38,1.0753513195906577
2017-12-04,4402.28,1.0777750575331733
2017-12-05,4392.33,1.075339078489938
2017-12-06,4380.07,1.0723375605934484
2017-12-07,4337.07,1.0618102139744405
2017-12-08,4375.65,1.0712554472898201
2017-12-11,4444.32,1.0880673750183616
2017-12-12,4391.4,1.07511139401655
2017-12-13,4427.06,1.0838417470498949
2017-12-14,4408.99,1.0794178132497674
2017-12-15,4363.53,1.0682882044753463
2017-12-18,4360.48,1.0675414973314399
2017-12-19,4410.31,1.0797409783087697
2017-12-20,4396.81,1.07643588111443
2017-12-21,4434.17,1.085582431572247
2017-12-22,4424.3,1.0831660382901631
2017-12-25,4403.17,1.0779929491259854
2017-12-26,4419.31,1.0819443764383294
2017-12-27,4360.29,1.067494981148705
2017-12-28,4388.37,1.0743695833129314
2017-12-29,4406.62,1.07883758507565
2018-01-02,4467.28,1.0936884884688831
2018-01-03,4496.99,1.1009621505165743
2018-01-04,4516.45,1.1057263869167115
2018-01-05,4524.41,1.1076751701513
2018-01-08,4547.03,1.113213044116927
2018-01-09,4570.45,1.1189467756940703
2018-01-10,4578.03,1.1208025265631885
2018-01-11,4579.93,1.1212676883905401
2018-01-12,4590.67,1.1238970768251482
2018-01-15,4563.86,1.1173333986192038
2018-01-16,4599.5,1.1260588552122608
2018-01-17,4584.92,1.1224893502423738
2018-01-18,4607.28,1.1279635704842579
2018-01-19,4615.89,1.1300714880282037
2018-01-22,4671.1,1.1435881114429811
2018-01-23,4709.56,1.1530039661166334
2018-01-24,4722.7,1.1562209273857904
2018-01-25,4700.55,1.1507981197669295
2018-01-26,4713.8,1.1540420114576704
2018-01-29,4636.23,1.1350511678010087
2018-01-30,4599.87,1.126149439357587
2018-01-31,4592.86,1.1244332370366743
2018-02-01,4530.8,1.1092395828232875
2018-02-02,4554.95,1.1151520344709396
2018-02-05,4556.07,1.1154262351270625
2018-02-06,4400.68,1.0773833423101407
2018-02-07,4322.66,1.058282328747001
2018-02-08,4301.86,1.0531900308475737
2018-02-09,4124.52,1.0097732948146698
2018-02-12,4191.08,1.0260686480928365
2018-02-13,4234.79,1.0367698183420653
2018-02-14,4263.36,1.0437643832933456
2018-02-22,4354.89,1.0661729422709691
2018-02-23,4373.75,1.070790285462469
2018-02-26,4436.34,1.0861136953434853
2018-02-27,4384.88,1.073515154482691
2018-02-28,4358.82,1.0671350927875434
2018-03-01,4391.65,1.0751725995201489
2018-03-02,4359.07,1.0671962982911423
2018-03-05,4361.83,1.067872007050874
2018-03-06,4415.98,1.0811291191303922
2018-03-07,4380.93,1.0725481075258287
2018-03-08,4422.28,1.082671497821084
2018-03-09,4461.45,1.0922611761249572
2018-03-12,4493.05,1.0999975517798561
2018-03-13,4455.99,1.0909244479263576
2018-03-14,4429.55,1.0844513538657397
2018-03-15,4446.24,1.088537433286001
2018-03-16,4407.94,1.079160750134652
2018-03-19,4423.71,1.0830215933016698
2018-03-20,4430.17,1.0846031435146648
2018-03-21,4408.51,1.0793002986828577
2018-03-22,4370.52,1.0699995103559714
2018-03-23,4219.33,1.0329848699995103
2018-03-26,4220.58,1.0332908975175048
2018-03-27,4271.89,1.0458527150761399
2018-03-28,4203.65,1.0291460608137883
2018-03-29,4256.42,1.0420653185134408
2018-03-30,4274.8,1.0465651471380306
2018-04-02,4266.8,1.0446065710228665
2018-04-03,4235.57,1.0369607795132938
2018-04-04,4221.65,1.033552857072908
2018-04-09,4221.57,1.0335332713117562
2018-04-10,4288.46,1.0499094158546738
2018-04-11,4301.7,1.0531508593252705
2018-04-12,4263.16,1.0437154188904667
2018-04-13,4236.53,1.0371958086471136
2018-04-16,4183.59,1.024234931205014
2018-04-17,4112.54,1.0068403270822113
2018-04-18,4141.54,1.0139401654996818
2018-04-19,4184.57,1.0244748567791215
2018-04-20,4120.53,1.0087964549772315
2018-04-23,4114.4,1.007295696028987
2018-04-24,4201.28,1.028565832639671
2018-04-25,4189.77,1.0257479312539786
2018-04-26,4110.13,1.006250306027518
2018-04-27,4113.65,1.0071120795181903
2018-05-02,4118.06,1.0081917446016746
2018-05-03,4151.95,1.0164887626695391
2018-05-04,4136.88,1.0127992949125986
2018-05-07,4205.25,1.0295377760368212
2018-05-08,4245.31,1.0393453459335065
2018-05-09,4237.29,1.0373818733780542
2018-05-10,4256.68,1.0421289722371836
2018-05-11,4231.26,1.0359055966312491
2018-05-14,4256.25,1.0420236987709934
2018-05-15,4278.0,1.0473485775840965
2018-05-16,4249.75,1.0404323556774224
2018-05-17,4220.93,1.0333765852225434
2018-05-18,4256.33,1.0420432845321452
2018-05-21,4285.25,1.049123537188464
2018-05-22,4276.97,1.047096410909269
2018-05-23,4220.71,1.0333227243793763
2018-05-24,4194.72,1.0269598002252363
2018-05-25,4172.23,1.0214537531214807
2018-05-28,4180.83,1.0235592224452823
2018-05-29,4146.91,1.0152548597169857
2018-05-30,4053.61,0.9924129657738825
2018-05-31,4130.61,1.0112642608823386
2018-06-01,4092.14,1.0018459579885424
2018-06-04,4121.59,1.009055966312491
2018-06-05,4169.78,1.0208539391862115
2018-06-06,4162.46,1.0190618420408364
2018-06-07,4150.64,1.0161680458306812
2018-06-08,4096.49,1.0029109337511628
2018-06-11,4090.07,1.0013391764187436
2018-06-12,4138.44,1.0131812172550554
2018-06-13,4092.23,1.001867991969838
2018-06-14,4076.44,0.9980022523625325
2018-06-15,4041.54,0.9894579640601283
2018-06-19,3871.98,0.9479459432992214
2018-06-20,3893.91,0.9533148900749155
2018-06-21,3839.61,0.940021054693238
2018-06-22,3865.43,0.9463423591049307
2018-06-25,3819.77,0.9351637859276306
2018-06-26,3802.36,0.9309014346570044
2018-06-27,3734.85,0.9143735004651619
2018-06-28,3695.98,0.9048572687656075
2018-06-29,3796.49,0.9294643294325026
2018-07-02,3698.57,0.9054913577828919
2018-07-03,3710.25,0.9083508789110317
2018-07-04,3659.54,0.8959359545610341
2018-07-05,3617.06,0.8855359153895118
2018-07-06,3637.98,0.8906575919306664
2018-07-09,3734.44,0.9142731234392597
2018-07-10,3746.47,0.9172183322724379
2018-07-11,3679.56,0.9008372912892327
2018-07-12,3763.99,0.9215076139646476
2018-07-13,3779.19,0.9252289085834599
2018-07-16,3760.84,0.9207364246193018
2018-07-17,3742.61,0.9162733192968713
2018-07-18,3720.77,0.9109264065024727
2018-07-19,3710.11,0.9083166038290164
2018-07-20,3774.08,0.9239778680898987
2018-07-23,3807.78,0.9322283699750282
2018-07-24,3869.64,0.9473730597855359
2018-07-25,3867.17,0.946768349409979
2018-07-26,3827.11,0.9369607795132939
2018-07-27,3810.53,0.9329016305146159
2018-07-30,3793.87,0.9288228957547863
2018-07-31,3796.61,0.92949370807423
2018-08-01,3724.47,0.9118322479557361
2018-08-02,3642.59,0.8917862214170299
2018-08-03,3585.39,0.8777824021936053
2018-08-06,3532.31,0.8647872496694903
2018-08-07,3633.78,0.8896293394702053
2018-08-08,3575.81,0.8754370072956961
2018-08-09,3665.73,0.8974514028301425
2018-08-10,3676.49,0.9000856877050384
2018-08-13,3669.1,0.8982764530186554
2018-08-14,3651.8,0.8940410321696127
2018-08-15,3567.05,0.8732923664495912
2018-08-16,3546.6,0.8682857562552024
2018-08-17,3492.87,0.8551314694217304
2018-08-20,3528.77,0.8639205797385301
2018-08-21,3587.74,0.8783577339274348
2018-08-22,3562.58,0.8721980120452432
2018-08-23,3577.21,0.8757797581158498
2018-08-24,3579.45,0.8763281594280957
2018-08-27,3664.94,0.89725799343877
2018-08-28,3662.32,0.8966165597610538
2018-08-29,3645.42,0.8924790677177692
2018-08-30,3603.04,0.8821035107476864
2018-08-31,3580.07,0.8764799490770211
2018-09-03,3574.16,0.8750330509719434
2018-09-04,3617.63,0.8856754639377173
2018-09-05,3550.62,0.8692699407530725
2018-09-06,3518.08,0.8613034324046418
2018-09-07,3529.77,0.8641654017529257
2018-09-10,3475.37,0.8508470841698086
2018-09-11,3470.27,0.8495984918963914
2018-09-12,3450.65,0.844795083973951
2018-09-13,3483.61,0.8528644175684278
2018-09-14,3478.79,0.8516843754590413
2018-09-17,3436.33,0.8412892327278069
2018-09-18,3503.4,0.8577094452333154
2018-09-19,3548.02,0.8686334035156441
2018-09-20,3545.49,0.8680140038192234
2018-09-21,3639.92,0.8911325466385938
2018-09-25,3612.74,0.8844782842873231
2018-09-26,3647.29,0.8929368848846888
2018-09-27,3625.26,0.8875434559075552
2018-09-28,3662.11,0.8965651471380307
2018-10-08,3514.07,0.8603216961269158
2018-10-09,3510.16,0.8593644420506292
2018-10-10,3503.5,0.857733927434755
2018-10-11,3317.12,0.8121040003917153
2018-10-12,3349.56,0.8200460265387064
2018-10-15,3299.3,0.8077412720951869
2018-10-16,3260.54,0.7982519708172159
2018-10-17,3280.68,0.803182686187142
2018-10-18,3199.87,0.7833986192038388
2018-10-19,3293.23,0.8062552024678059
2018-10-22,3440.3,0.8422611761249572
2018-10-23,3355.4,0.8214757871027764
2018-10-24,3357.8,0.8220633599373256
2018-10-25,3360.74,0.8227831366596484
2018-10-26,3343.89,0.8186578857170836
2018-10-29,3252.45,0.796271360720756
2018-10-30,3287.16,0.804769132840425
2018-10-31,3334.86,0.8164471429270921
2018-11-01,3358.49,0.8222322871272585
2018-11-02,3475.58,0.8508984967928316
2018-11-05,3453.88,0.8455858590804486
2018-11-06,3437.42,0.8415560887234981
2018-11-07,3416.02,0.8363168976154336
2018-11-08,3402.64,0.8330411790628213
2018-11-09,3363.39,0.8234319149977966
2018-11-12,3414.53,0.8359521128139843
2018-11-13,3455.57,0.845999608284777
2018-11-14,3425.98,0.8387553248788131
2018-11-15,3469.86,0.8494981148704892
2018-11-16,3489.41,0.8542843852519219
2018-11-19,3521.48,0.8621358272535866
2018-11-20,3435.44,0.8410713411349949
2018-11-21,3445.13,0.8434436664544877
2018-11-22,3434.73,0.840897517504774
2018-11-23,3345.07,0.8189467756940705
2018-11-26,3341.93,0.8181780345688684
2018-11-27,3342.36,0.8182833080350586
2018-11-28,3386.03,0.8289746854037116
2018-11-29,3335.06,0.8164961073299711
2018-11-30,3369.1,0.8248298486999951
2018-12-03,3465.88,0.848523723253195
2018-12-04,3475.19,0.8508030162072174
2018-12-05,3456.35,0.8461905694560055
2018-12-06,3382.65,0.8281471869950546
2018-12-07,3382.54,0.8281202565734711
2018-12-10,3343.3,0.8185134407285903
2018-12-11,3362.11,0.8231185428193704
2018-12-12,3370.45,0.825160358419429
2018-12-13,3419.32,0.837124810262939
2018-12-14,3356.41,0.8217230573373158
2018-12-17,3351.41,0.8204989472653381
2018-12-18,3320.68,0.8129755667629633
2018-12-19,3279.59,0.8029158301914509
2018-12-20,3262.72,0.7987856828085981
2018-12-21,3226.78,0.7899867796112227
2018-12-24,3241.98,0.7937080742300348
2018-12-25,3215.98,0.7873427018557508
2018-12-26,3200.52,0.7835577535131959
2018-12-27,3182.46,0.7791362679332126
2018-12-28,3199.94,0.7834157567448465
2019-01-02,3160.12,0.7736669441316163
2019-01-03,3152.77,0.7718675023258091
2019-01-04,3228.22,0.7903393233119522
2019-01-07,3257.48,0.7975028154531656
2019-01-08,3250.11,0.7956984772070705
2019-01-09,3277.02,0.8022866376144543
2019-01-10,3271.07,0.8008299466288009
2019-01-11,3295.01,0.80669098565343
2019-01-14,3268.0,0.8000783430446066
2019-01-15,3327.79,0.8147162512853156
2019-01-16,3326.37,0.8143686040248739
2019-01-17,3306.33,0.8094623708563874
2019-01-18,3360.22,0.8226558292121627
2019-01-21,3379.09,0.8272756206238066
2019-01-22,3332.85,0.815955050678157
2019-01-23,3332.41,0.8158473289918229
2019-01-24,3350.87,0.8203667433775645
2019-01-25,3367.87,0.8245287176222886
2019-01-28,3365.22,0.8238799392841404
2019-01-29,3363.57,0.8234759829603878
2019-01-30,3335.1,0.8165059002105469
2019-01-31,3355.24,0.821436615580473
2019-02-01,3414.02,0.8358272535866426
2019-02-11,3481.81,0.8524237379425158
2019-02-12,3507.84,0.8587964549772316
2019-02-13,3575.11,0.8752656318856192
2019-02-14,3582.9,0.8771727953777604
2019-02-15,3526.36,0.8633305586838369
2019-02-18,3642.01,0.8916442246486804
2019-02-19,3638.24,0.8907212456544092
2019-02-20,3648.22,0.8931645693580766
2019-02-21,3639.21,0.890958723008373
2019-02-22,3723.54,0.9116045634823483
2019-02-25,3941.82,0.9650443127846057
2019-02-26,3904.69,0.9559540713900995
2019-02-27,3895.77,0.9537702590216912
2019-02-28,3889.89,0.9523307055770455
2019-03-01,3962.37,0.9700754051804338
2019-03-04,4015.06,0.9829750771189345
2019-03-05,4058.23,0.9935440434803898
2019-03-06,4101.71,1.0041889046663077
2019-03-07,4082.91,0.9995862507956715
2019-03-08,3921.48,0.9600646330118005
2019-03-11,4019.0,0.983939675855653
2019-03-12,4057.07,0.993260049943691
2019-03-13,4008.48,0.9813641482642119
2019-03-14,3964.24,0.9705332223473534
2019-03-15,4012.96,0.9824609508887039
2019-03-18,4125.37,1.009981393526906
2019-03-19,4114.97,1.0074352445771924
2019-03-20,4114.97,1.0074352445771924
2019-03-21,4129.87,1.0110830925916858
2019-03-22,4133.47,1.0119644518435098
2019-03-25,4046.75,0.9907334867551291
2019-03-26,3983.78,0.9753170445086423
2019-03-27,4028.22,0.9861969348283798
2019-03-28,4001.66,0.9796944621260344
2019-03-29,4150.6,1.0161582529501054
2019-04-01,4271.54,1.0457670273711013
2019-04-02,4272.72,1.0460559173480881
2019-04-03,4324.93,1.0588380747196788
2019-04-04,4363.8,1.0683543064192333
2019-04-08,4355.32,1.066278215737159
2019-04-09,4371.9,1.070337364735837
2019-04-10,4378.93,1.0720584634970378
2019-04-11,4284.85,1.0490256083827059
2019-04-12,4275.25,1.0466753170445087
2019-04-15,4253.83,1.0414312294961563
2019-04-16,4365.13,1.0686799196983794
2019-04-17,4372.02,1.0703667433775645
2019-04-18,4353.75,1.065893845174558
2019-04-19,4399.33,1.0770528325907065
2019-04-22,4306.64,1.0543602800763845
2019-04-23,4283.61,1.0487220290848553
2019-04-24,4302.16,1.0532634774518925
2019-04-25,4189.86,1.0257699652352739
2019-04-26,4138.19,1.0131200117514567
2019-04-29,4120.53,1.0087964549772315
2019-04-30,4138.71,1.0132473191989424
2019-05-06,3880.4,0.9500073446604319
2019-05-07,3921.46,0.9600597365715126
2019-05-08,3873.86,0.9484062086862851
2019-05-09,3808.27,0.932348332762082
2019-05-10,3946.29,0.9661386671889537
2019-05-13,3885.72,0.9513097977770161
2019-05-14,3859.24,0.9448269108358224
2019-05-15,3945.86,0.9660333937227636
2019-05-16,3965.37,0.9708098712236204
2019-05-17,3857.85,0.9444866082358125
2019-05-20,3829.38,0.9375165254859718
2019-05-21,3884.89,0.9511065955050678
2019-05-22,3864.65,0.9461513979337023
2019-05-23,3792.72,0.9285413504382314
2019-05-24,3794.91,0.9290775106497576
2019-05-27,3852.34,0.9431376389364933
2019-05-28,3879.16,0.9497037653625814
2019-05-29,3872.7,0.9481222151495863
2019-05-30,3848.73,0.9422538314645253
2019-05-31,3836.88,0.9393526905939382
2019-06-03,3827.82,0.9371346031435147
2019-06-04,3789.93,0.9278582970180679
2019-06-05,3786.68,0.9270626254712824
2019-06-06,3741.0,0.9158791558536944
2019-06-10,3786.74,0.9270773147921461
2019-06-11,3906.93,0.9565024727023453
2019-06-12,3877.17,0.9492165695539343
2019-06-13,3875.22,0.948739166625863
2019-06-14,3835.36,0.9389805611320571
2019-06-17,3836.7,0.939308622631347
2019-06-18,3845.85,0.9415487440630661
2019-06-19,3896.24,0.953885325368457
2019-06-20,4004.49,0.9803873084267737
2019-06-21,4021.51,0.9845541791117858
2019-06-24,4027.92,0.9861234882240612
2019-06-25,3986.6,0.9760074425892377
2019-06-26,3978.66,0.9740635557949371
2019-06-27,4019.58,0.9840816726240024
2019-06-28,4001.34,0.9796161190814279
2019-07-01,4117.99,1.008174607060667
2019-07-02,4116.05,1.0076996523527397
2019-07-03,4072.85,0.9971233413308525
2019-07-04,4053.52,0.9923909317925869
2019-07-05,4072.95,0.997147823532292
2019-07-08,3967.93,0.971436615580473
2019-07-09,3962.27,0.9700509229789943
2019-07-10,3949.97,0.9670396122019291
2019-07-11,3948.89,0.966775204426382
2019-07-12,3970.93,0.9721710816236596
2019-07-15,3995.42,0.9781667727562062
2019-07-16,3982.83,0.9750844635949665
2019-07-17,3980.51,0.9745164765215689
2019-07-18,3935.36,0.9634627625716105
2019-07-19,3973.57,0.9728174117416639
2019-07-22,3933.13,0.9629168094795084
2019-07-23,3948.72,0.9667335846839348
2019-07-24,3981.99,0.9748788131028742
2019-07-25,4010.51,0.9818611369534349
2019-07-26,4017.74,0.9836312001175145
2019-07-29,4014.09,0.9827375997649709
2019-07-30,4031.86,0.9870880869607795
2019-07-31,4000.15,0.9793247808842972
2019-08-01,3968.42,0.9715565783675268
2019-08-02,3912.09,0.9577657542966264
2019-08-05,3843.68,0.9410174802918279
2019-08-06,3792.91,0.9285878666209666
2019-08-07,3776.39,0.9245434069431523
2019-08-08,3820.32,0.9352984380355482
2019-08-09,3781.11,0.9256989668510993
2019-08-12,3849.67,0.9424839641580571
2019-08-13,3817.93,0.9347133134211428
2019-08-14,3836.08,0.9391568329824218
2019-08-15,3849.68,0.9424864123782011
2019-08-16,3865.97,0.9464745629927043
2019-08-19,3959.39,0.9693458355775352
2019-08-20,3956.24,0.9685746462321891
2019-08-21,3953.38,0.967874455271018
2019-08-22,3963.77,0.9704181560005876
2019-08-23,3985.64,0.9757724134554179
2019-08-26,3935.52,0.9635019340939137
2019-08-27,3991.68,0.9772511384223669
2019-08-28,3978.69,0.9740709004553689
2019-08-29,3969.91,0.9719213631689761
2019-08-30,3968.36,0.9715418890466632
2019-09-02,4030.51,0.9867575772413456
2019-09-03,4041.57,0.9894653087205603
2019-09-04,4076.82,0.9980952847280028
2019-09-05,4116.85,1.0078955099642561
2019-09-06,4138.48,1.0131910101356314
2019-09-09,4178.74,1.0230475444351956
2019-09-10,4164.34,1.0195221074279
2019-09-11,4135.69,1.0125079567154678
2019-09-12,4174.32,1.0219654311315673
2019-09-16,4164.06,1.0194535572638692
2019-09-17,4089.97,1.001314694217304
2019-09-18,4105.17,1.0050359888361162
2019-09-19,4126.24,1.01019438867943
2019-09-20,4137.69,1.012997600744259
2019-09-23,4095.43,1.0026514224159035
2019-09-24,4105.52,1.0051216765411548
2019-09-25,4063.63,0.9948660823581257
2019-09-26,4017.55,0.9835846839347795
2019-09-27,4033.49,0.9874871468442442
2019-09-30,3990.69,0.9770087646281154
2019-10-08,4009.37,0.981582039857024
2019-10-09,4021.65,0.9845884541938011
2019-10-10,4058.82,0.9936884884688831
2019-10-11,4090.23,1.001378347941047
2019-10-14,4137.81,1.0130269793859865
2019-10-15,4110.89,1.0064363707584587
2019-10-16,4095.73,1.0027248690202224
2019-10-17,4096.15,1.0028276942662684
2019-10-18,4038.54,0.9887234980169417
2019-10-21,4045.66,0.9904666307594379
2019-10-22,4068.06,0.9959506438818979
2019-10-23,4040.93,0.989308622631347
2019-10-24,4038.89,0.9888091857219801
2019-10-25,4066.7,0.9956176859423199
2019-10-28,4107.62,1.0056358027713852
2019-10-29,4079.94,0.9988591294129169
2019-10-30,4053.37,0.9923542084904274
2019-10-31,4044.0,0.9900602262155414
2019-11-01,4105.04,1.0050041619742447
2019-11-04,4130.47,1.0112299858003233
2019-11-05,4157.35,1.0178108015472753
2019-11-06,4133.39,1.0119448660823582
2019-11-07,4145.13,1.0148190765313618
2019-11-08,4126.47,1.010250697742741
2019-11-11,4049.13,0.9913161631493904
2019-11-12,4050.74,0.9917103265925672
2019-11-13,4046.62,0.9907016598932576
2019-11-14,4058.27,0.9935538363609656
2019-11-15,4026.95,0.9858860108700974
2019-11-18,4056.19,0.9930446065710229
2019-11-19,4103.19,1.004551241247613
2019-11-20,4066.37,0.9955368946775695
2019-11-21,4051.66,0.9919355628458111
2019-11-22,4012.06,0.9822406110757479
2019-11-25,4034.14,0.9876462811536013
2019-11-26,4041.21,0.9893771727953778
2019-11-27,4032.59,0.9872668070312883
2019-11-28,4019.09,0.9839617098369486
2019-11-29,3993.27,0.9776404054252559
2019-12-02,4001.17,0.9795744993389806
2019-12-03,4017.19,0.9834965480095971
2019-12-04,4015.08,0.9829799735592224
2019-12-05,4047.64,0.990951378347941
2019-12-06,4074.21,0.9974562992704304
2019-12-09,4071.35,0.9967561083092592
2019-12-10,4079.95,0.9988615776330607
2019-12-11,4077.7,0.9983107281006708
2019-12-12,4065.41,0.9953018655437497
2019-12-13,4138.88,1.0132889389413897
2019-12-16,4172.1,1.0214219262596094
2019-12-17,4228.81,1.0353057826959802
2019-12-18,4221.45,1.0335038926700288
2019-12-19,4218.24,1.0327180140038192
2019-12-20,4199.35,1.0280933261518876
2019-12-23,4140.05,1.0135753806982324
2019-12-24,4175.64,1.0222885961905697
2019-12-25,4178.02,1.022871272584831
2019-12-26,4212.95,1.031422905547667
2019-12-27,4202.09,1.0287641384713313
2019-12-30,4261.67,1.0433506340890173
2019-12-31,4278.53,1.047478333251726
2020-01-02,4341.85,1.0629804632032513
2020-01-03,4338.85,1.0622459971600648
2020-01-06,4336.82,1.0617490084708416
2020-01-07,4373.99,1.0708490427459236
2020-01-08,4321.16,1.0579150957254075
2020-01-09,4376.84,1.0715467854869511
2020-01-10,4372.56,1.0704989472653381
2020-01-13,4420.37,1.0822038877735887
2020-01-14,4405.8,1.0786368310238457
2020-01-15,4384.99,1.0735420849042745
2020-01-16,4370.45,1.0699823728149636
2020-01-17,4371.67,1.0702810556725262
2020-01-20,4411.29,1.0799809038828772
2020-01-21,4342.07,1.0630343240464182
2020-01-22,4366.05,1.0689051559516232
2020-01-23,4225.94,1.0346031435146648
2020-02-03,3884.6,0.9510355971208931
2020-02-04,3978.57,0.9740415218136416
2020-02-05,4037.33,0.9884272633795231
2020-02-06,4124.73,1.0098247074376927
2020-02-07,4133.33,1.0119301767614943
2020-02-10,4158.03,1.0179772805170642
2020-02-11,4181.81,1.02379914801939
2020-02-12,4226.31,1.0346937276599912
2020-02-13,4197.7,1.0276893698281349
2020-02-14,4221.39,1.0334892033491652
2020-02-17,4326.32,1.0591783773196886
2020-02-18,4323.28,1.058434118395926
2020-02-19,4307.23,1.0545047250648778
2020-02-20,4401.52,1.0775889928022329
2020-02-21,4420.3,1.082186750232581
2020-02-24,4422.77,1.082791460608138
2020-02-25,4421.85,1.0825662243548941
2020-02-26,4351.58,1.0653625814033199
2020-02-27,4363.01,1.0681608970278609
2020-02-28,4189.31,1.0256353131273566
2020-03-02,4332.11,1.0605958967830387
2020-03-03,4359.74,1.0673603290407874
2020-03-04,4379.85,1.0722836997502816
2020-03-05,4469.17,1.0941512020760906
2020-03-06,4407.66,1.0790921999706213
2020-03-09,4249.15,1.0402854624687852
2020-03-10,4346.12,1.0640258532047202
2020-03-11,4286.37,1.049397737844587
2020-03-12,4206.19,1.029767908730353
2020-03-13,4154.84,1.0171962982911424
2020-03-16,3971.88,0.9724036625373355
2020-03-17,3959.72,0.9694266268422856
2020-03-18,3883.39,0.9507393624834745
2020-03-19,3853.22,0.9433530823091613
2020-03-20,3916.15,0.9587597316750722
2020-03-23,3775.76,0.9243891690740832
2020-03-24,3870.0,0.9474611957107183
2020-03-25,3970.99,0.9721857709445233
2020-03-26,3941.6,0.9649904519414386
2020-03-27,3945.63,0.9659770846594526
2020-03-30,3895.82,0.9537825001224111
2020-03-31,3908.1,0.9567889144591881
2020-04-01,3894.99,0.9535792978504627
2020-04-02,3967.03,0.9712162757675171
2020-04-03,3942.31,0.9651642755716594
2020-04-07,4040.71,0.9892547617881801
2020-04-08,4027.54,0.9860304558585908
2020-04-09,4047.24,0.9908534495421828
2020-04-10,4006.44,0.9808647113548451
2020-04-13,3986.18,0.9759046173431914
2020-04-14,4066.9,0.9956666503451991
2020-04-15,4040.51,0.989205797385301
2020-04-16,4053.81,0.9924619301767615
2020-04-17,4083.65,0.9997674190863243
2020-04-20,4106.98,1.005479116682172
2020-04-21,4063.51,0.9948367037163982
2020-04-22,4096.9,1.003011310777065
2020-04-23,4083.48,0.9997257993438771
2020-04-24,4041.13,0.9893575870342262
2020-04-27,4060.16,0.9940165499681731
2020-04-28,4073.87,0.9973730597855359
2020-04-29,4087.91,1.0008103608676493
2020-04-30,4148.69,1.0156906429026098
2020-05-06,4186.34,1.0249081917446017
2020-05-07,4176.22,1.022430592958919
2020-05-08,4219.01,1.0329065269549038
2020-05-11,4214.05,1.031692209763502
2020-05-12,4217.23,1.0324707437692797
2020-05-13,4228.21,1.0351588894873427
2020-05-14,4184.45,1.0244454781373942
2020-05-15,4178.58,1.0230083729128923
2020-05-18,4181.02,1.0236057386280175
2020-05-19,4220.88,1.0333643441218234
2020-05-20,4192.92,1.0265191205993243
2020-05-21,4163.61,1.0193433873573912
2020-05-22,4073.25,0.9972212701366107
2020-05-25,4075.2,0.997698673064682
2020-05-26,4129.78,1.0110610586103903
2020-05-27,4098.37,1.0033711991382266
2020-05-28,4105.54,1.0051265729814425
2020-05-29,4122.52,1.009283650785879
2020-06-01,4237.07,1.0373280125348872
2020-06-02,4246.22,1.0395681339666063
2020-06-03,4247.42,1.039861920383881
2020-06-04,4247.11,1.0397860255594182
2020-06-05,4263.97,1.043913724722127
2020-06-08,4278.51,1.0474734368114382
2020-06-09,4305.24,1.0540175292562306
2020-06-10,4300.35,1.0528203496058366
2020-06-11,4260.4,1.043039710130735
2020-06-12,4266.59,1.0445551583998434
2020-06-15,4227.85,1.0350707535621604
2020-06-16,4295.4,1.0516084806345787
2020-06-17,4305.39,1.0540542525583902
2020-06-18,4326.69,1.0592689614650148
2020-06-19,4380.23,1.0723767321157518
2020-06-22,4382.32,1.0728884101258385
2020-06-23,4402.0,1.0777065073691428
2020-06-24,4412.91,1.0803775155461979
2020-06-29,4384.4,1.0733976399157812
2020-06-30,4447.17,1.088765117759389
2020-07-01,4517.69,1.1060299662145618
2020-07-02,4605.95,1.1276379572051118
2020-07-03,4687.52,1.1476080889193558
2020-07-06,4935.33,1.2082774323067131
2020-07-07,4972.95,1.217487636488273
2020-07-08,5063.16,1.2395730304068941
2020-07-09,5146.61,1.2600034275082015
2020-07-10,5073.06,1.2419967683494102
2020-07-13,5195.27,1.2719164667286884
2020-07-14,5140.82,1.2585859080448514
2020-07-15,5059.01,1.2385570190471529
2020-07-16,4815.76,1.1790040640454391
2020-07-17,4843.22,1.1857268765607405
2020-07-20,4986.4,1.2207804925818928
2020-07-21,5001.9,1.2245752338050238
2020-07-22,5031.51,1.2318244136512757
2020-07-23,5029.78,1.2314008715663711
2020-07-24,4800.4,1.1752435979043234
2020-07-27,4821.52,1.1804142388483574
2020-07-28,4864.96,1.1910493071536994
2020-07-29,4986.0,1.2206825637761347
2020-07-30,4964.11,1.2153234098810164
2020-07-31,5008.2,1.2261176124957156
2020-08-03,5099.62,1.2484992410517555
2020-08-04,5095.26,1.2474318170689909
2020-08-05,5110.51,1.251165352788523
2020-08-06,5098.53,1.2482323850560642
2020-08-07,5039.17,1.2336997502815454
2020-08-10,5059.63,1.238708808696078
2020-08-11,5001.57,1.2244944425402733
2020-08-12,4960.51,1.2144420506291926
2020-08-13,4955.51,1.213217940557215
2020-08-14,5024.18,1.2300298682857564
2020-08-17,5135.73,1.257339763991578
2020-08-18,5142.22,1.2589286588650053
2020-08-19,5061.16,1.239083386378103
2020-08-20,4998.12,1.2236498065906087
2020-08-21,5039.43,1.2337634040052883
2020-08-24,5077.61,1.2431107085149096
2020-08-25,5075.62,1.2426235127062626
2020-08-26,5006.92,1.2258042403172893
2020-08-27,5037.14,1.2332027615923224
2020-08-28,5148.93,1.2605714145815994
2020-08-31,5122.13,1.254010184595799
2020-09-01,5150.85,1.2610414728492387
2020-09-02,5153.61,1.2617171816089703
2020-09-03,5121.67,1.253897566469177
2020-09-04,5075.83,1.2426749253292857
2020-09-07,4968.55,1.2164104196249328
2020-09-08,4997.36,1.2234637418596679
2020-09-09,4876.08,1.1937717279537776
2020-09-10,4852.5,1.187998824854331
2020-09-11,4903.26,1.2004259903050483
2020-09-14,4929.74,1.206908877246242
2020-09-15,4966.68,1.2159526024580132
2020-09-16,4935.29,1.2082676394261371
2020-09-17,4918.03,1.2040420114576702
2020-09-18,5021.08,1.22927092004113
2020-09-21,4980.03,1.2192209763501933
2020-09-22,4918.89,1.2042525583900505
2020-09-23,4938.48,1.2090486216520588
2020-09-24,4839.04,1.184703520540567
2020-09-25,4843.15,1.1857097390197326
2020-09-28,4841.63,1.1853376095578514
2020-09-29,4859.07,1.1896073054889096
2020-09-30,4848.68,1.1870636047593401
2020-10-09,4955.13,1.2131249081917446
2020-10-12,5103.63,1.2494809773294815
2020-10-13,5118.42,1.2531018949223915
2020-10-14,5084.55,1.2448097732948147
2020-10-15,5068.7,1.2409293443666454
2020-10-16,5057.11,1.2380918572198012
2020-10-19,5014.79,1.2277309895705821
2020-10-20,5057.49,1.2381848895852714
2020-10-21,5043.15,1.2346741418988394
2020-10-22,5025.03,1.2302379669979924
2020-10-23,4957.69,1.2137516525485972
2020-10-26,4936.06,1.208456152377222
2020-10-27,4943.82,1.2103559712089311
2020-10-28,4978.94,1.2189541203545022
2020-10-29,5009.26,1.2263771238309749
2020-10-30,4919.88,1.2044949321843021
2020-11-02,4946.3,1.2109631298046322
2020-11-03,5010.44,1.2266660138079615
2020-11-04,5037.94,1.2333986192038386
2020-11-05,5117.5,1.2528766586691475
2020-11-06,5108.4,1.2506487783381481
2020-11-09,5207.83,1.274991431229496
2020-11-10,5176.62,1.2673505361602115
2020-11-11,5122.52,1.2541056651814133
2020-11-12,5129.32,1.2557704548793027
2020-11-13,5086.34,1.2452480047005827
2020-11-16,5139.49,1.2582602947657053
2020-11-17,5122.42,1.2540811829799736
2020-11-18,5120.7,1.2536600891152132
2020-11-19,5153.51,1.2616926994075308
2020-11-20,5177.59,1.2675880135141753
2020-11-23,5236.52,1.2820153748225043
2020-11-24,5212.31,1.2760882338539883
2020-11-25,5137.72,1.2578269598002254
2020-11-26,5141.8,1.258825833618959
2020-11-27,5194.09,1.2716275767517016
2020-11-30,5171.84,1.266180286931401
2020-12-01,5277.47,1.2920408363120013
2020-12-02,5279.09,1.292437447975322
2020-12-03,5272.13,1.290733486755129
2020-12-04,5283.75,1.2935783185624052
2020-12-07,5241.16,1.2831513489692994
2020-12-08,5231.07,1.2806810948440484
2020-12-09,5155.18,1.2621015521715713
2020-12-10,5155.88,1.2622729275816482
2020-12-11,5094.13,1.247155168192724
2020-12-14,5139.75,1.2583239484894482
2020-12-15,5149.22,1.260642412965774
2020-12-16,5150.56,1.260970474465064
2020-12-17,5215.45,1.27685697497919
2020-12-18,5198.2,1.272633795230867
2020-12-21,5255.93,1.2867673701219215
2020-12-22,5162.06,1.2637859276306127
2020-12-23,5206.9,1.2747637467561082
2020-12-24,5181.87,1.268635851735788
2020-12-25,5229.39,1.280269793859864
2020-12-28,5240.93,1.2830950399059884
2020-12-29,5215.28,1.276815355236743
2020-12-30,5285.15,1.293921069382559
2020-12-31,5381.89,1.317605151055183
2021-01-04,5448.99,1.3340327082211232
2021-01-05,5540.58,1.3564559565196102
2021-01-06,5577.82,1.3655731283357
2021-01-07,5656.69,1.3848822406110757
2021-01-08,5645.75,1.3822038877735887
2021-01-11,5582.92,1.3668217206091173
2021-01-12,5723.96,1.4013514175194635
2021-01-13,5700.47,1.3956005484013123
2021-01-14,5603.48,1.3718552612250894
2021-01-15,5589.33,1.3683910297213926
2021-01-18,5656.12,1.3847426920628703
2021-01-19,5583.97,1.3670787837242326
2021-01-20,5626.33,1.3774494442540273
2021-01-21,5713.78,1.3988591294129167
2021-01-22,5720.53,1.4005116780100866
2021-01-25,5766.96,1.4118787641384714
2021-01-26,5655.16,1.3845076629290505
2021-01-27,5671.79,1.3885790530284483
2021-01-28,5523.85,1.352360084218773
2021-01-29,5490.75,1.3442564755422808
2021-02-01,5552.33,1.3593326151887577
2021-02-02,5630.85,1.3785560397590952
2021-02-03,5607.63,1.3728712725848309
2021-02-04,5585.27,1.3673970523429468
2021-02-05,5576.05,1.3651397933702198
2021-02-08,5656.85,1.384921412133379
2021-02-09,5779.89,1.4150443127846057
2021-02-10,5889.99,1.4419992165695539
2021-02-18,5875.36,1.4384174704989472
2021-02-19,5900.57,1.4445894334818588
2021-02-22,5746.28,1.4068158448807717
2021-02-23,5727.24,1.4021544337266807
2021-02-24,5595.34,1.3698624100279098
2021-02-25,5613.98,1.3744258923762425
2021-02-26,5482.03,1.3421216275767516
2021-03-01,5571.25,1.3639646477011214
2021-03-02,5505.39,1.3478406698330314
2021-03-03,5604.92,1.372207804925819
2021-03-04,5444.21,1.3328624589923126
2021-03-05,5430.13,1.3294153650296234
2021-03-08,5255.79,1.286733095039906
2021-03-09,5140.32,1.2584634970376536
2021-03-10,5157.81,1.2627454340694317
2021-03-11,5286.36,1.2942173040199774
2021-03-12,5302.54,1.2981785242128971
2021-03-15,5204.49,1.274173725701415
2021-03-16,5243.67,1.283765852225432
2021-03-17,5266.6,1.2893796210155217
2021-03-18,5308.57,1.2996548009597022
2021-03-19,5187.85,1.2700998873818734
2021-03-22,5246.71,1.2845101111491946
2021-03-23,5191.95,1.271103657640895
2021-03-24,5112.87,1.2517431327424962
2021-03-25,5113.8,1.251970817215884
2021-03-26,5221.16,1.2782549086813886
2021-03-29,5228.89,1.2801473828526662
2021-03-30,5272.06,1.2907163492141214
2021-03-31,5229.91,1.2803971013073496
2021-04-01,5290.85,1.2953165548646135
2021-04-02,5334.39,1.3059761053713952
2021-04-06,5320.49,1.302573079371297
2021-04-07,5292.08,1.2956176859423199
2021-04-08,5300.51,1.2976815355236744
2021-04-09,5234.8,1.2815942809577439
2021-04-12,5144.0,1.2593644420506291
2021-04-13,5134.36,1.2570043578318562
2021-04-14,5179.97,1.2681706899084366
2021-04-15,5154.44,1.2619203838809185
2021-04-16,5180.16,1.2682172060911716
2021-04-19,5293.25,1.2959041276991627
2021-04-20,5290.94,1.295338588845909
2021-04-21,5301.71,1.297975321940949
2021-04-22,5298.85,1.2972751309797779
2021-04-23,5339.18,1.3071488028203497
2021-04-26,5288.69,1.294787739313519
2021-04-27,5300.03,1.2975640209567645
2021-04-28,5331.28,1.3052147089066248
2021-04-29,5367.72,1.3141360231111983
2021-04-30,5333.92,1.3058610390246292
2021-05-06,5284.59,1.2937839690544974
2021-05-07,5223.92,1.2789306174411204
2021-05-10,5226.97,1.2796773245850268
2021-05-11,5247.77,1.284769622484454
2021-05-12,5275.59,1.2915805709249377
2021-05-13,5220.43,1.27807618861088
2021-05-14,5331.15,1.3051828820447533
2021-05-17,5400.7,1.322210253145963
2021-05-18,5406.85,1.3237159085344956
2021-05-19,5391.68,1.3200019585761154
2021-05-20,5396.28,1.3211281398423347
2021-05-21,5350.43,1.3099030504822995
2021-05-24,5370.7,1.3148655927140969
2021-05-25,5515.59,1.3503378543798659
2021-05-26,5518.9,1.351148215247515
2021-05-27,5543.85,1.3572565245066837
2021-05-28,5526.85,1.3530945502619596
2021-05-31,5546.75,1.3579665083484307
2021-06-01,5556.89,1.3604490035744015
2021-06-02,5504.41,1.3476007442589237
2021-06-03,5474.0,1.3401557068011556
2021-06-04,5500.43,1.3466263526416296
2021-06-07,5502.08,1.3470303089653821
2021-06-08,5458.61,1.3363878959996083
2021-06-09,5463.66,1.3376242471723057
2021-06-10,5505.48,1.347862703814327
2021-06-11,5460.48,1.336845713166528
2021-06-15,5401.97,1.3225211771042453
2021-06-16,5314.42,1.3010870097439162
2021-06-17,5340.78,1.3075405180433823
2021-06-18,5348.7,1.3094795083973951
2021-06-21,5347.7,1.3092346863829996
2021-06-22,5379.43,1.31700288889977
2021-06-23,5408.96,1.32423248298487
2021-06-24,5409.67,1.3244063066150908
2021-06-25,5488.58,1.3437252117710425
2021-06-28,5500.89,1.3467389707682516
2021-06-29,5439.73,1.3317656563678206
2021-06-30,5474.67,1.3403197375508007
2021-07-01,5462.87,1.3374308377809332
2021-07-02,5331.35,1.3052318464476327
2021-07-05,5344.64,1.3084855310189494
2021-07-06,5342.18,1.3078832688635362
2021-07-07,5398.71,1.3217230573373158
2021-07-08,5353.39,1.3106277236449102
2021-07-09,5348.07,1.3093252705283258
2021-07-12,5417.5,1.326323262987808
2021-07-13,5435.44,1.3307153699260637
2021-07-14,5376.08,1.316182735151545
2021-07-15,5437.79,1.3312907016598934
2021-07-16,5390.32,1.3196690006365372
2021-07-19,5399.15,1.3218307790236496
2021-07-20,5397.6,1.3214513049013368
2021-07-21,5441.1,1.3321010625275427
2021-07-22,5454.9,1.3354796063262009
2021-07-23,5396.67,1.3212236204279488
2021-07-26,5242.1,1.2833814816628313
2021-07-27,5073.71,1.2421559026587672
2021-07-28,5063.75,1.2397174753953877
2021-07-29,5161.41,1.2636267933212555
2021-07-30,5131.07,1.256198893404495
2021-08-02,5249.65,1.2852298878715174
2021-08-03,5240.21,1.2829187680556235
2021-08-04,5297.03,1.2968295549135778
2021-08-05,5268.95,1.2899549527493512
2021-08-06,5251.72,1.2857366694413161
2021-08-09,5311.13,1.3002815453165548
2021-08-10,5365.15,1.3135068305342015
2021-08-11,5352.23,1.3103437301082113
2021-08-12,5321.91,1.3029207266317386
2021-08-13,5298.49,1.2971869950545953
2021-08-16,5287.96,1.2946090192430104
2021-08-17,5175.21,1.267005337119914
2021-08-18,5229.85,1.280382411986486
2021-08-19,5204.79,1.2742471723057338
2021-08-20,5124.31,1.2545438965871814
2021-08-23,5197.29,1.2724110071977672
2021-08-24,5251.92,1.2857856338441953
2021-08-25,5271.03,1.290464182539294
2021-08-26,5186.29,1.2697179650394164
2021-08-27,5217.99,1.2774788228957548
2021-08-30,5215.16,1.2767859765950154
2021-08-31,5214.03,1.2765093277187485
2021-09-01,5254.86,1.2865054105665181
2021-09-02,5275.24,1.2914948832198991
2021-09-03,5248.71,1.2849997551779857
2021-09-06,5336.29,1.3064412671987464
2021-09-07,5410.16,1.3245262694021447
2021-09-08,5401.41,1.3223840767761836
2021-09-09,5412.86,1.3251872888410126
2021-09-10,5446.52,1.3334279978455663
2021-09-13,5436.11,1.3308794006757088
2021-09-14,5358.93,1.3119840376046614
2021-09-15,5324.79,1.303625814033198
2021-09-16,5250.15,1.2853522988787152
2021-09-17,5280.18,1.292704303971013
2021-09-22,5262.8,1.2884492973608188
2021-09-23,5297.22,1.296876071096313
2021-09-24,5272.14,1.2907359349752732
2021-09-27,5257.17,1.2870709494197718
2021-09-28,5267.51,1.2896024090486218
2021-09-29,5193.01,1.2713631689761544
2021-09-30,5236.2,1.2819370317778975
2021-10-08,5285.71,1.2940581697106204
2021-10-11,5290.64,1.2952651422415904
2021-10-12,5223.19,1.2787518973706116
2021-10-13,5274.26,1.2912549576457917
2021-10-14,5257.51,1.2871541889046665
2021-10-15,5275.4,1.2915340547422023
2021-10-18,5236.67,1.2820520981246635
2021-10-19,5285.07,1.2939014836214071
2021-10-20,5274.59,1.2913357489105421
2021-10-21,5285.4,1.2939822748861578
2021-10-22,5298.21,1.2971184448905646
2021-10-25,5328.33,1.304492483964158
2021-10-26,5314.69,1.3011531116878028
2021-10-27,5252.19,1.285851735788082
2021-10-28,5206.82,1.2747441609949566
2021-10-29,5256.12,1.2868138863046565
2021-11-01,5248.29,1.2848969299319395
2021-11-02,5193.33,1.271441512020761
2021-11-03,5183.99,1.2691548744063066
2021-11-04,5232.81,1.2811070851490967
2021-11-05,5196.59,1.2722396317876905
2021-11-08,5207.64,1.274944915046761
2021-11-09,5216.33,1.2770724183518583
2021-11-10,5192.06,1.2711305880624788
2021-11-11,5265.41,1.289088282818391
2021-11-12,5263.66,1.288659844293199
2021-11-15,5248.28,1.2848944817117955
2021-11-16,5239.64,1.2827792195074181
2021-11-17,5252.16,1.2858443911276503
2021-11-18,5209.44,1.2753855946726729
2021-11-19,5267.42,1.289580375067326
2021-11-22,5300.92,1.2977819125495764
2021-11-23,5302.83,1.298249522597072
2021-11-24,5304.57,1.2986755129021201
2021-11-25,5284.07,1.2936566616070118
2021-11-26,5252.07,1.2858223571463545
2021-11-29,5245.36,1.2841796014297606
2021-11-30,5235.13,1.2816750722224943
2021-12-01,5248.37,1.284916515693091
2021-12-02,5250.67,1.2854796063262008
2021-12-03,5300.09,1.2975787102776282
2021-12-06,5282.2,1.2931988444400921
2021-12-07,5300.13,1.297588503158204
2021-12-08,5377.48,1.3165254859716986
2021-12-09,5447.9,1.333765852225432
2021-12-10,5426.27,1.3284703520540568
2021-12-13,5457.92,1.3362189688096755
2021-12-14,5424.86,1.328125153013759
2021-12-15,5387.15,1.3188929148509034
2021-12-16,5422.47,1.3275400283993537
2021-12-17,5345.2,1.3086226313470106
2021-12-20,5263.46,1.2886108798903197
2021-12-21,5304.49,1.2986559271409686
2021-12-22,5309.99,1.300002448220144
2021-12-23,5344.21,1.3083802575527592
2021-12-24,5311.51,1.3003745776820252
2021-12-27,5308.8,1.2997111100230134
2021-12-28,5341.2,1.3076433432894286
2021-12-29,5275.02,1.2914410223767323
2021-12-30,5317.27,1.3017847524849435
2021-12-31,5341.22,1.3076482397297167
2022-01-04,5321.8,1.3028937962101552
2022-01-05,5258.02,1.2872790481320082
2022-01-06,5218.34,1.2775645106007933
2022-01-07,5212.25,1.2760735445331244
2022-01-10,5232.81,1.2811070851490967
2022-01-11,5185.0,1.269402144640846
2022-01-12,5235.02,1.281648141800911
2022-01-13,5152.3,1.2613964647701121
2022-01-14,5117.23,1.2528105567252608
2022-01-17,5163.91,1.2642388483572442
2022-01-18,5202.66,1.2737257014150711
2022-01-19,5167.84,1.2652009988738189
2022-01-20,5192.43,1.271221172207805
2022-01-21,5142.14,1.2589090731038537
2022-01-24,5148.7,1.2605151055182882
2022-01-25,5018.7,1.2286882436468687
2022-01-26,5053.25,1.2371468442442344
2022-01-27,4946.51,1.2110145424276553
2022-01-28,4896.01,1.1986510307006806
2022-02-07,4970.52,1.216892718993292
2022-02-08,4961.17,1.2146036331586936
2022-02-09,5014.32,1.2276159232238162
2022-02-10,5003.85,1.2250526367330952
2022-02-11,4955.61,1.2132424227586545
2022-02-14,4906.18,1.2011408705870832
2022-02-15,4957.21,1.2136341379816873
2022-02-16,4973.95,1.2177324585026685
2022-02-17,4982.56,1.2198403760466143
2022-02-18,5012.24,1.2271066934338735
2022-02-21,5003.94,1.2250746707143905
2022-02-22,4940.16,1.2094599226362435
2022-02-23,4998.23,1.2236767370121922
2022-02-24,4899.87,1.1995960436762474
2022-02-25,4945.61,1.2107942026146992
2022-02-28,4958.27,1.2138936493169468
2022-03-01,4993.13,1.222428144738775
2022-03-02,4959.59,1.2142168143759486
2022-03-03,4934.7,1.2081231944376438
2022-03-04,4879.65,1.1946457425451695
2022-03-07,4736.47,1.1595921265240172
2022-03-08,4624.68,1.1322234735347403
2022-03-09,4570.93,1.1190642902609804
2022-03-10,4644.61,1.1371027762816432
2022-03-11,4666.17,1.142381138912011
2022-03-14,4531.69,1.1094574744160994
2022-03-15,4312.34,1.055755765558439
2022-03-16,4487.21,1.098567791215786
2022-03-17,4573.64,1.1197277579199922
2022-03-18,4608.09,1.1281618763159185
2022-03-21,4606.86,1.1278607452382117
2022-03-22,4603.88,1.1271311756353133
2022-03-23,4628.29,1.1331072810067082
2022-03-24,4598.17,1.1257332419331147
2022-03-25,4521.9,1.1070606668951672
2022-03-28,4503.07,1.1024506683640993
2022-03-29,4486.04,1.0982813494589434
2022-03-30,4606.34,1.1277334377907262
2022-03-31,4571.24,1.1191401850854428
2022-04-01,4622.14,1.1316016256181758
2022-04-06,4610.7,1.1288008617734906
2022-04-07,4542.15,1.1120183126866767
2022-04-08,4560.39,1.1164838662292513
2022-04-11,4419.17,1.081910101356314
2022-04-12,4501.72,1.1021201586446654
2022-04-13,4454.28,1.090505802281741
2022-04-14,4511.18,1.1044361749008471
2022-04-15,4499.15,1.1014909660676688
2022-04-18,4481.34,1.0971306859912844
2022-04-19,4458.68,1.0915830191450817
2022-04-20,4382.4,1.07290799588699
2022-04-21,4286.48,1.0494246682661703
2022-04-22,4297.52,1.0521275033050974
2022-04-25,4069.89,0.9963986681682416
2022-04-26,4020.95,0.9844170787837242
2022-04-27,4147.86,1.0154874406306615
2022-04-28,4165.69,1.0198526171473339
2022-04-29,4280.28,1.0479067717769182
2022-05-05,4285.56,1.0491994320129268
2022-05-06,4180.83,1.0235592224452823
2022-05-09,4162.84,1.0191548744063066
2022-05-10,4211.91,1.0311682906526956
2022-05-11,4266.7,1.0445820888214268
2022-05-12,4253.08,1.0412476129853596
2022-05-13,4286.97,1.0495446310532244
2022-05-16,4259.63,1.0428511971796504
2022-05-17,4304.58,1.0538559467267297
2022-05-18,4289.81,1.0502399255741077
2022-05-19,4303.25,1.0535303334475836
2022-05-20,4383.21,1.0731063017186506
2022-05-23,4370.11,1.069899133330069
2022-05-24,4253.87,1.041441022376732
2022-05-25,4290.78,1.0504774029280712
2022-05-26,4310.6,1.055329775253391
2022-05-27,4315.36,1.0564951280419135
2022-05-30,4345.61,1.0639009939773785
2022-05-31,4411.49,1.0800298682857563
2022-06-01,4404.18,1.078240219360525
2022-06-02,4418.97,1.081861136953435
2022-06-06,4500.83,1.1019022670518532
2022-06-07,4511.4,1.104490035744014
2022-06-08,4550.28,1.1140087156637124
2022-06-09,4498.83,1.1014126230230623
2022-06-10,4569.92,1.118817020026441
2022-06-13,4528.27,1.108620183126867
2022-06-14,4562.63,1.1170322675414974
2022-06-15,4605.65,1.1275645106007932
2022-06-16,4583.35,1.1221049796797729
2022-06-17,4640.64,1.136130832884493
2022-06-20,4660.59,1.1410150320716839
2022-06-21,4647.11,1.137714831317632
2022-06-22,4584.93,1.1224917984625178
2022-06-23,4666.23,1.1423958282328746
2022-06-24,4719.83,1.1555182882044754
2022-06-27,4767.23,1.1671228516868235
2022-06-28,4821.65,1.1804460657102287
2022-06-29,4742.59,1.1610904372521178
2022-06-30,4808.73,1.1772829652842383
2022-07-01,4791.04,1.1729520638495814
2022-07-04,4830.02,1.1824952259707193
2022-07-05,4822.66,1.1806933359447682
2022-07-06,4752.6,1.163541105616217
2022-07-07,4774.65,1.1689394310336385
2022-07-08,4754.02,1.1638887528766588
2022-07-11,4678.32,1.1453557263869167
2022-07-12,4631.03,1.1337780933261519
2022-07-13,4642.25,1.1365249963276698
2022-07-14,4648.79,1.1381261323018166
2022-07-15,4569.97,1.1188292611271606
2022-07-18,4626.5,1.1326690496009402
2022-07-19,4611.69,1.1290432355677422
2022-07-20,4636.85,1.135202957449934
2022-07-21,4586.65,1.122912892327278
2022-07-22,4578.09,1.1208172158840524
2022-07-25,4546.83,1.1131640797140478
2022-07-26,4587.69,1.1231675072222493
2022-07-27,4574.92,1.1200411300984185
2022-07-28,4578.28,1.1208637320667874
2022-07-29,4523.31,1.107405865935465
2022-08-01,4547.93,1.1134333839298831
2022-08-02,4449.75,1.0893967585565294
2022-08-03,4408.94,1.0794055721490476
2022-08-04,4443.26,1.0878078636831026
2022-08-05,4508.35,1.103743328600108
2022-08-08,4510.5,1.104269695931058
2022-08-09,4520.48,1.1067130196347255
2022-08-10,4479.04,1.0965675953581746
2022-08-11,4568.3,1.1184204083631202
2022-08-12,4563.06,1.1171375410076876
2022-08-15,4562.5,1.117000440679626
2022-08-16,4560.09,1.1164104196249327
2022-08-17,4597.05,1.1254590412769916
2022-08-18,4562.58,1.1170200264407775
2022-08-19,4525.17,1.1078612348822408
2022-08-22,4564.33,1.1174484649659697
2022-08-23,4546.63,1.113115115311169
2022-08-24,4450.07,1.089475101601136
2022-08-25,4484.45,1.0978920824560545
2022-08-26,4473.03,1.0950962150516574
2022-08-29,4460.46,1.0920188023307056
2022-08-30,4444.9,1.088209371786711
2022-08-31,4424.21,1.0831440043088676
2022-09-01,4390.41,1.0748690202222984
2022-09-02,4378.02,1.0718356754639378
2022-09-05,4377.25,1.0716471625128532
2022-09-06,4426.71,1.0837560593448563
2022-09-07,4430.69,1.0847304509621505
2022-09-08,4411.41,1.0800102825246045
2022-09-09,4465.1,1.093154776477501
2022-09-13,4476.3,1.095896783038731
2022-09-14,4429.98,1.0845566273319296
2022-09-15,4373.47,1.0707217352984382
2022-09-16,4269.12,1.045174558096264
2022-09-19,4257.94,1.0424374479753218
2022-09-20,4269.92,1.0453704157077806
2022-09-21,4249.78,1.0404397003378543
2022-09-22,4219.45,1.0330142486412377
2022-09-23,4195.01,1.027030798609411
2022-09-26,4164.4,1.0195367967487636
2022-09-27,4230.03,1.0356044655535426
2022-09-28,4151.35,1.016341869460902
2022-09-29,4150.49,1.0161313225285218
2022-09-30,4122.04,1.0091661362189688
2022-10-10,4039.58,0.9889781129119131
2022-10-11,4053.77,0.9924521372961856
2022-10-12,4124.17,1.0096876071096312
2022-10-13,4100.11,1.0037971894432747
2022-10-14,4198.86,1.0279733633648338
2022-10-17,4209.58,1.030597855359154
2022-10-18,4206.51,1.0298462517749596
2022-10-19,4144.93,1.0147701121284827
2022-10-20,4123.05,1.0094134064535083
2022-10-21,4114.65,1.0073569015325858
2022-10-24,4014.6,0.9828624589923126
2022-10-25,4004.94,0.9804974783332517
2022-10-26,4047.09,0.9908167262400236
2022-10-27,4024.54,0.9852959898154042
2022-10-28,3919.0,0.9594574744160995
2022-10-31,3896.87,0.9540395632375264
2022-11-01,4023.12,0.9849483425549626
2022-11-02,4068.81,0.9961342603926945
2022-11-03,4044.21,0.9901116388385643
2022-11-04,4165.89,1.019901581550213
2022-11-07,4173.93,1.0218699505459532
2022-11-08,4151.46,1.0163687998824855
2022-11-09,4120.47,1.008781765656368
2022-11-10,4091.6,1.0017137541007688
2022-11-11,4184.16,1.0243744797532195
2022-11-14,4187.09,1.0250918082553984
2022-11-15,4264.84,1.044126719874651
2022-11-16,4233.28,1.036400137100328
2022-11-17,4222.81,1.033836850609607
2022-11-18,4204.31,1.0293076433432895
2022-11-21,4177.5,1.0227439651373451
2022-11-22,4166.41,1.0200288889976987
2022-11-23,4167.9,1.020393673799148
2022-11-24,4155.05,1.0172477109141655
2022-11-25,4164.79,1.019632277334378
2022-11-28,4124.29,1.0097169857513588
2022-11-29,4237.6,1.0374577682025168
2022-11-30,4240.0,1.038045341037066
2022-12-01,4279.38,1.0476864319639623
2022-12-02,4256.72,1.0421387651177594
2022-12-05,4327.07,1.0593619938304852
2022-12-06,4343.77,1.0634505214708907
2022-12-07,4334.52,1.061185917837732
2022-12-08,4331.97,1.0605616217010234
2022-12-09,4364.92,1.0686285070753563
2022-12-12,4321.83,1.0580791264750526
2022-12-13,4309.5,1.0550604710375557
2022-12-14,4312.34,1.055755765558439
2022-12-15,4311.0,1.055427704059149
2022-12-16,4307.52,1.0545757234490527
2022-12-19,4233.28,1.036400137100328
2022-12-20,4170.66,1.0210693825588797
2022-12-21,4166.02,1.0199334084120846
2022-12-22,4158.29,1.018040934240807
2022-12-23,4149.11,1.0157934681486558
2022-12-26,4176.04,1.0223865249963278
2022-12-27,4219.67,1.033068109484405
2022-12-28,4201.95,1.028729863389316
2022-12-29,4189.31,1.0256353131273566
2022-12-30,4202.68,1.0289085834598248
2023-01-03,4232.51,1.0362116241492436
2023-01-04,4235.97,1.0370587083190521
2023-01-05,4307.76,1.0546344807325077
2023-01-06,4318.15,1.057178181462077
2023-01-09,4349.2,1.0647799050090585
2023-01-10,4354.23,1.0660113597414678
2023-01-11,4341.98,1.0630122900651227
2023-01-12,4348.53,1.0646158742594134
2023-01-13,4402.0,1.0777065073691428
2023-01-16,4465.95,1.093362875189737
2023-01-17,4466.55,1.0935097683983745
2023-01-18,4464.37,1.0929760564069921
2023-01-19,4494.8,1.1004259903050484
2023-01-20,4524.05,1.1075870342261176
2023-01-30,4545.9,1.11293639524066
2023-01-31,4510.96,1.10438231405768
2023-02-01,4556.58,1.1155510943544042
2023-02-02,4545.38,1.1128090877931744
2023-02-03,4508.58,1.1037996376634187
2023-02-06,4456.72,1.0911031679968664
2023-02-07,4465.39,1.0932257748616756
2023-02-08,4441.82,1.0874553199823727
2023-02-09,4501.84,1.1021495372863928
2023-02-10,4478.27,1.0963790824070903
2023-02-13,4517.47,1.105976105371395
2023-02-14,4521.3,1.10691377368653
2023-02-15,4501.47,1.1020589531410665
2023-02-16,4459.73,1.0918400822601968
2023-02-17,4402.5,1.0778289183763403
2023-02-20,4502.42,1.1022915340547423
2023-02-21,4518.03,1.1061132056994565
2023-02-22,4486.23,1.0983278656416784
2023-02-23,4480.87,1.0970156196445184
2023-02-24,4442.83,1.0877025902169124
2023-02-27,4422.78,1.0827939088282819
2023-02-28,4452.69,1.0901165352788522
2023-03-01,4507.34,1.1034960583655682
2023-03-02,4496.27,1.1007858786662097
2023-03-03,4508.11,1.1036845713166528
2023-03-06,4491.57,1.0996352151985507
2023-03-07,4422.66,1.0827645301865543
2023-03-08,4413.86,1.0806100964598737
2023-03-09,4399.49,1.0770920041130099
2023-03-10,4342.04,1.0630269793859863
2023-03-13,4382.98,1.0730499926553394
2023-03-14,4353.43,1.0658155021299516
2023-03-15,4361.64,1.067825490868139
2023-03-16,4307.71,1.0546222396317877
2023-03-17,4331.35,1.0604098320520983
2023-03-20,4311.21,1.0554791166821722
2023-03-21,4359.81,1.0673774665817952
2023-03-22,4380.01,1.072322871272585
2023-03-23,4418.67,1.0817876903491161
2023-03-24,4409.71,1.0795940851001322
2023-03-27,4398.19,1.0767737354942957
2023-03-28,4381.93,1.0727929295402243
2023-03-29,4383.76,1.0732409538265681
2023-03-30,4414.65,1.0808035058512462
2023-03-31,4434.46,1.0856534299564218
2023-04-03,4480.03,1.0968099691524262
2023-04-04,4489.29,1.0990770210057288
2023-04-06,4485.5,1.0981491455711698
2023-04-07,4515.74,1.1055525632864907
2023-04-10,4490.96,1.0994858737697695
2023-04-11,4489.07,1.0990231601625617
2023-04-12,4490.87,1.0994638397884737
2023-04-13,4460.88,1.0921216275767518
2023-04-14,4484.33,1.097862703814327
2023-04-17,4535.92,1.1104930715369927
2023-04-18,4544.45,1.1125814033197865
2023-04-19,4508.12,1.1036870195367967
2023-04-20,4497.83,1.1011678010086667
2023-04-21,4403.32,1.0780296724281446
2023-04-24,4355.31,1.0662757675170154
2023-04-25,4322.6,1.0582676394261372
2023-04-26,4324.2,1.05865935464917
2023-04-27,4350.7,1.0651471380306516
2023-04-28,4398.8,1.076923076923077
2023-05-04,4403.6,1.0780982225921756
2023-05-05,4381.49,1.0726852078538902
2023-05-08,4427.29,1.0838980561132057
2023-05-09,4386.98,1.0740292807129217
2023-05-10,4360.42,1.0675268080105764
2023-05-11,4351.87,1.0654335797874945
2023-05-12,4297.61,1.0521495372863927
2023-05-15,4359.42,1.0672819859961808
2023-05-16,4333.81,1.0610120942075112
2023-05-17,4321.28,1.0579444743671351
2023-05-18,4319.09,1.057408314155609
2023-05-19,4307.74,1.0546295842922195
2023-05-22,4327.46,1.0594574744160996
2023-05-23,4270.57,1.0455295500171375
2023-05-24,4218.3,1.032732703324683
2023-05-25,4208.14,1.0302453116584245
2023-05-26,4217.06,1.0324291240268326
2023-05-29,4201.51,1.028622141702982
2023-05-30,4211.2,1.0309944670224747
2023-05-31,4177.03,1.0226288987905792
2023-06-01,4184.43,1.0244405816971063
2023-06-02,4238.7,1.0377270724183518
2023-06-05,4223.0,1.033883366792342
2023-06-06,4173.03,1.021649610732997
2023-06-07,4158.47,1.0180850022033983
2023-06-08,4179.6,1.023258091367576
2023-06-09,4200.89,1.0284703520540568
2023-06-12,4210.47,1.030815746951966
2023-06-13,4229.97,1.035589776232679
2023-06-14,4229.27,1.0354184008226022
2023-06-15,4288.51,1.0499216569553935
2023-06-16,4328.45,1.059699848210351
2023-06-19,4299.27,1.0525559418302894
2023-06-20,4292.92,1.0510013220388779
2023-06-21,4219.41,1.033004455760662
2023-06-26,4156.45,1.0175904617343192
2023-06-27,4196.51,1.0273980316310043
2023-06-28,4191.72,1.0262253341820498
2023-06-29,4176.15,1.0224134554179112
2023-06-30,4203.51,1.029111785731773
2023-07-03,4252.16,1.0410223767321158
2023-07-04,4259.5,1.042819370317779
2023-07-05,4228.81,1.0353057826959802
2023-07-06,4201.86,1.0287078294080203
2023-07-07,4183.15,1.0241272095186797
2023-07-10,4202.34,1.0288253439749302
2023-07-11,4230.91,1.0358199089262106
2023-07-12,4197.64,1.0276746805072714
2023-07-13,4256.95,1.0421950741810704
2023-07-14,4254.99,1.041715223032855
2023-07-17,4225.99,1.0346153846153845
2023-07-18,4214.12,1.0317093473045096
2023-07-19,4209.29,1.0305268569749793
2023-07-20,4174.84,1.022092738579053
2023-07-21,4173.43,1.0217475395387554
2023-07-24,4158.35,1.0180556235616707
2023-07-25,4265.31,1.044241786221417
2023-07-26,4255.99,1.0419600450472506
2023-07-27,4244.76,1.039210693825589
2023-07-28,4332.71,1.0607427899916761
2023-07-31,4358.67,1.0670983694853842
2023-08-01,4347.25,1.064302502080987
2023-08-02,4320.66,1.0577926847182098
2023-08-03,4352.84,1.0656710571414583
2023-08-04,4370.92,1.0700974391617295
2023-08-07,4339.42,1.06238554570827
2023-08-08,4326.48,1.0592175488419917
2023-08-09,4308.47,1.0548083043627283
2023-08-10,4316.88,1.0568672575037947
2023-08-11,4221.34,1.0334769622484454
2023-08-14,4199.16,1.0280468099691524
2023-08-15,4184.77,1.024523821182001
2023-08-16,4153.45,1.0168559956911325
2023-08-17,4171.34,1.0212358615286687
2023-08-18,4115.55,1.007577241345542
2023-08-21,4059.32,0.9938108994760809
2023-08-22,4088.0,1.0008323948489448
2023-08-23,4017.77,0.9836385447779464
2023-08-24,4043.63,0.989969642070215
2023-08-25,4018.92,0.9839200900945013
2023-08-28,4065.56,0.995338588845909
2023-08-29,4119.08,1.008441463056358
2023-08-30,4118.69,1.0083459824707437
2023-08-31,4093.36,1.002144640846105
2023-09-01,4116.59,1.0078318562405133
2023-09-04,4177.46,1.0227341722567693
2023-09-05,4146.81,1.0152303775155462
2023-09-06,4140.44,1.0136708612838465
2023-09-07,4081.1,0.9991431229496156
2023-09-08,4067.32,0.9957694755912452
2023-09-11,4101.73,1.0041938011065954
2023-09-12,4095.44,1.0026538706360477
2023-09-13,4065.88,0.9954169318905156
2023-09-14,4060.89,0.9941952700386819
2023-09-15,4041.45,0.9894359300788327
2023-09-18,4059.48,0.9938500709983842
2023-09-19,4047.79,0.9909881016501004
2023-09-20,4029.04,0.9863976888801841
2023-09-21,3995.04,0.9780737403907359
2023-09-22,4064.65,0.9951158008128091
2023-09-25,4039.11,0.9888630465651472
2023-09-26,4017.93,0.9836777163002497
2023-09-27,4029.18,0.9864319639621995
2023-09-28,4023.38,0.9850119962787054
2023-10-09,4013.47,0.9825858101160456
2023-10-10,3986.12,0.9758899280223278
2023-10-11,3994.41,0.9779195025216667
2023-10-12,4030.2,0.9866816824168829
2023-10-13,3991.74,0.9772658277432307
2023-10-16,3952.35,0.9676222885961906
2023-10-17,3965.37,0.9708098712236204
2023-10-18,3929.08,0.9619252803212065
2023-10-19,3855.85,0.9439969642070215
2023-10-20,3829.9,0.9376438329334574
2023-10-23,3775.98,0.9244430299172501
2023-10-24,3797.76,0.9297752533907849
2023-10-25,3816.15,0.9342775302355188
2023-10-26,3828.19,0.9372251872888411
2023-10-27,3884.25,0.9509499094158547
2023-10-30,3911.52,0.9576262057484209
2023-10-31,3899.09,0.9545830681094845
2023-11-01,3894.53,0.9534666797238408
2023-11-02,3871.63,0.9478602555941831
2023-11-03,3905.16,0.9560691377368653
2023-11-06,3961.7,0.9699113744307888
2023-11-07,3952.47,0.967651667237918
2023-11-08,3944.91,0.9658008128090878
2023-11-09,3943.37,0.9654237869069187
2023-11-10,3918.65,0.959371786711061
2023-11-13,3918.96,0.9594476815355237
2023-11-14,3925.71,0.9611002301326935
2023-11-15,3952.29,0.9676075992753268
2023-11-16,3913.98,0.958228467903834
2023-11-17,3914.6,0.9583802575527591
2023-11-20,3926.49,0.961291191303922
2023-11-21,3926.85,0.9613793272291045
2023-11-22,3884.73,0.9510674239827646
2023-11-23,3907.77,0.9567081231944377
2023-11-24,3879.11,0.9496915242618617
2023-11-27,3857.4,0.9443764383293346
2023-11-28,3867.32,0.9468050727121383
2023-11-29,3835.93,0.9391201096802624
2023-11-30,3840.76,0.9403026000097929
2023-12-01,3834.06,0.9386622925133428
2023-12-04,3814.3,0.9338246095088871
2023-12-05,3743.01,0.9163712481026295
2023-12-06,3751.27,0.9183934779415365
2023-12-07,3744.44,0.916721343583215
2023-12-08,3754.15,0.9190985653429957
2023-12-11,3782.67,0.9260808891935564
2023-12-12,3788.81,0.9275840963619448
2023-12-13,3731.96,0.9136659648435588
2023-12-14,3714.41,0.9093693384909171
2023-12-15,3698.67,0.9055158399843314
2023-12-18,3676.86,0.9001762718503649
2023-12-19,3679.61,0.9008495323899526
2023-12-20,3637.11,0.8904445967781424
2023-12-21,3669.39,0.8983474514028301
2023-12-22,3669.45,0.8983621407236938
2023-12-25,3678.34,0.9005386084316702
2023-12-26,3649.5,0.893477941536503
2023-12-27,3663.87,0.8969960338833668
2023-12-28,3744.77,0.9168021348479656
2023-12-29,3766.73,0.9221784262840915
2024-01-02,3727.11,0.9124785780737404
2024-01-03,3719.14,0.9105273466190079
2024-01-04,3685.47,0.9022841893943103
2024-01-05,3657.37,0.8954046907897958
2024-01-08,3601.52,0.8817313812858052
2024-01-09,3609.11,0.8835895803750674
2024-01-10,3592.56,0.8795377760368213
2024-01-11,3619.71,0.8861846937276601
2024-01-12,3607.18,0.8831170738872839
2024-01-15,3602.17,0.8818905155951624
2024-01-16,3617.65,0.8856803603780052
2024-01-17,3535.99,0.8656881946824658
2024-01-18,3573.64,0.8749057435244577
2024-01-19,3560.62,0.8717181608970278
2024-01-22,3475.5,0.85087891103168
2024-01-23,3501.77,0.8573103853498507
2024-01-24,3550.71,0.8692919747343681
2024-01-25,3629.54,0.8885912941291682
2024-01-26,3613.65,0.884701072320423
2024-01-29,3571.18,0.8743034813690447
2024-01-30,3502.83,0.85756989668511
2024-01-31,3456.99,0.8463472555452186
2024-02-01,3455.48,0.8459775743034814
2024-02-02,3403.37,0.83321989913333
2024-02-05,3400.87,0.8326078440973412
2024-02-06,3554.64,0.8702541252509426
2024-02-07,3636.85,0.8903809430543994
2024-02-08,3661.53,0.8964231503696813
2024-02-19,3691.14,0.903672330215933
2024-02-20,3696.68,0.9050286441756843
2024-02-21,3733.28,0.9139891299025609
2024-02-22,3764.16,0.921549233707095
2024-02-23,3770.6,0.9231258874798022
2024-02-26,3740.97,0.9158718111932624
2024-02-27,3795.16,0.9291387161533565
2024-02-28,3736.35,0.9147407334867551
2024-02-29,3819.53,0.9351050286441758
2024-03-01,3842.98,0.940846104881751
2024-03-04,3847.26,0.9418939431033639
2024-03-05,3860.16,0.9450521470890663
2024-03-06,3848.22,0.9421289722371835
2024-03-07,3817.53,0.9346153846153847
2024-03-08,3843.2,0.940899965724918
2024-03-11,3895.85,0.9537898447828429
2024-03-12,3899.23,0.9546173431914998
2024-03-13,3877.45,0.949285119717965
2024-03-14,3865.17,0.946278705381188
2024-03-15,3882.82,0.9505998139352692
2024-03-18,3923.59,0.960581207462175
2024-03-19,3893.44,0.9531998237281497
2024-03-20,3902.5,0.9554179111785732
2024-03-21,3893.91,0.9533148900749155
2024-03-22,3849.79,0.9425133427997846
2024-03-25,3817.6,0.9346325221563923
2024-03-26,3830.12,0.9376976937766244
2024-03-27,3773.43,0.9238187337805416
2024-03-28,3800.53,0.9304534103706606
2024-03-29,3825.42,0.9365470303089655
2024-04-01,3893.56,0.9532292023698771
2024-04-02,3877.82,0.9493757038632914
2024-04-03,3866.25,0.9465431131567351
2024-04-08,3826.87,0.9369020222298389
2024-04-09,3832.79,0.9383513685550605
2024-04-10,3797.11,0.9296161190814278
2024-04-11,3801.66,0.9307300592469274
2024-04-12,3774.27,0.9240243842726338
